{
  "environment": {
    "backgroundColor": "#ebebeb",
    "hdrExposure": 1,
    "orientation": 0
  },
  "camera": {
    "alpha": -0.7853981633974483,
    "beta": 1.2158707636692831,
    "radius": 22.807543416243938,
    "fov": 82,
    "minDistance": 4.487839849783297,
    "maxDistance": 30,
    "zoomSpeed": 2,
    "zoomSensitivity": 0.7000000000000001,
    "inertia": 0.5,
    "zoomSmoothness": 0.1,
    "targetX": 0,
    "targetY": 0,
    "targetZ": 0,
    "showTarget": false,
    "pitchElasticity": false,
    "lowerBetaLimit": 1.2158707636692831,
    "upperBetaLimit": 1.2158707636692831,
    "initialPitch": 69.66426319159828
  }
}